model,fold_1,fold_2,fold_3,mean_fold,pooled
ensemble_full_mean,0.72538860103626945,0.70256410256410251,0.80000000000000004,0.742650901200124,0.73069679849340863
random_mean,0.68965517241379315,0.72872340425531912,0.7567567567567568,0.72504511114195636,0.70397111913357402
current_rank,0.67961165048543692,0.68844221105527637,0.80575539568345322,0.72460308574138876,0.7119266055045872
full_mean,0.68965517241379315,0.71875,0.75838926174496646,0.7222648113862532,0.72118959107806691
ensemble_random_mean,0.67632850241545894,0.72486772486772488,0.7567567567567568,0.71931766134664699,0.73207547169811316
ensemble_position_shares,0.68965517241379315,0.69191919191919193,0.7567567567567568,0.71277704036324729,0.68606701940035275
ensemble_full_position,0.61946902654867253,0.70256410256410251,0.75838926174496646,0.69347413028591376,0.71323529411764708
full_position,0.64516129032258063,0.69191919191919193,0.73124999999999996,0.6894434940805908,0.71062271062271065
position_shares,0.63063063063063063,0.68500000000000005,0.71250000000000002,0.67604354354354357,0.68971631205673756
