model,11–13 апреля,14–16 апреля,17–19 апреля,mean_fold,pooled
ensemble_category,0.72538860103626945,0.70769230769230773,0.74172185430463577,0.72493425434440439,0.73069679849340863
current_rank,0.67961165048543692,0.68844221105527637,0.80575539568345322,0.72460308574138876,0.7119266055045872
ensemble_time,0.67307692307692313,0.7098445595854922,0.78472222222222221,0.72254790162821259,0.70289855072463769
current_context,0.65727699530516437,0.71354166666666663,0.77777777777777779,0.71619881324986956,0.69534050179211471
ensemble_pointer_clean,0.67307692307692313,0.70256410256410251,0.76712328767123283,0.71425477110408619,0.7093235831809872
ensemble_pointer_raw,0.64814814814814814,0.7172774869109948,0.76712328767123283,0.71084964091012515,0.70802919708029199
category,0.68965517241379315,0.71354166666666663,0.71794871794871795,0.70704851900972587,0.70162748643761297
time,0.60344827586206895,0.74193548387096775,0.75838926174496646,0.70125767382600113,0.70417422867513613
ensemble_all_clean,0.64516129032258063,0.68844221105527637,0.76712328767123283,0.70024226301636328,0.69409660107334525
pointer_clean,0.65420560747663548,0.68844221105527637,0.7466666666666667,0.69643816173285955,0.68916518650088809
category_time,0.63348416289592757,0.7172774869109948,0.72727272727272729,0.69267812569321663,0.67832167832167833
all_clean,0.59414225941422594,0.72105263157894739,0.75167785234899331,0.68895758111405547,0.69909909909909906
category_pointer,0.64814814814814814,0.67821782178217827,0.72435897435897434,0.68357498142976691,0.69534050179211471
pointer_raw,0.62666666666666671,0.67647058823529416,0.73202614379084963,0.6783877995642702,0.67478260869565221
